City,Date,PM2.5,PM10,NO,NO2,NOx,NH3,CO,SO2,O3,Benzene,Toluene,Xylene,AQI,AQI_Bucket
Jaipur,2018-01-01,82.33,178.65,9.33,43.34,30.68,23.53,0.0,9.85,48.42,4.87,4.52,,221.0,Poor
Jaipur,2018-01-02,89.98,206.62,16.88,43.11,30.26,27.08,0.0,12.7,48.92,3.84,5.3,,206.0,Poor
Jaipur,2018-01-03,106.38,246.82,53.83,84.12,55.09,43.26,0.0,12.06,28.61,7.8,13.34,,232.0,Poor
Jaipur,2018-01-04,80.07,184.38,32.78,70.61,45.46,34.61,0.0,12.22,34.35,5.61,7.31,,225.0,Poor
Jaipur,2018-01-05,87.46,168.34,13.69,69.13,41.07,25.52,0.0,9.67,44.31,5.44,14.2,,177.0,Moderate
Jaipur,2018-01-06,95.36,188.25,20.53,70.75,51.15,24.31,0.0,10.3,33.02,7.01,14.72,,234.0,Poor
Jaipur,2018-01-07,70.3,148.31,8.61,58.29,36.34,19.83,0.0,16.11,32.07,4.06,6.89,,183.0,Moderate
Jaipur,2018-01-08,78.86,186.29,37.04,76.84,56.41,31.07,0.0,15.68,39.68,8.06,18.63,,164.0,Moderate
Jaipur,2018-01-09,89.46,193.76,32.47,69.36,51.81,27.98,0.0,11.92,60.8,6.47,11.0,,193.0,Moderate
Jaipur,2018-01-10,94.76,201.64,41.21,85.95,73.06,34.2,0.0,14.62,42.16,6.07,15.98,,239.0,Poor
Jaipur,2018-01-11,88.44,192.72,44.32,102.56,74.17,33.45,0.0,19.33,43.99,4.64,10.51,,211.0,Poor
Jaipur,2018-01-12,96.1,204.94,59.36,73.96,54.8,48.84,0.0,23.61,43.56,3.82,10.34,,198.0,Moderate
Jaipur,2018-01-13,105.77,225.04,79.4,81.74,95.22,59.68,0.0,15.6,30.72,4.92,19.86,,260.0,Poor
Jaipur,2018-01-14,83.29,177.58,33.6,27.88,31.18,42.31,0.0,12.79,49.59,3.07,4.37,,171.0,Moderate
Jaipur,2018-01-15,67.74,147.77,31.18,16.57,20.46,43.52,0.0,13.37,35.43,2.61,3.94,,173.0,Moderate
Jaipur,2018-01-16,71.2,147.79,23.76,14.07,15.77,49.67,0.0,10.78,53.28,1.75,3.18,,141.0,Moderate
Jaipur,2018-01-17,52.41,95.02,8.34,16.29,10.69,31.7,0.0,8.48,77.47,1.02,1.19,,116.0,Moderate
Jaipur,2018-01-18,73.67,150.86,16.86,13.42,25.55,33.4,0.0,12.92,56.89,1.87,1.73,,124.0,Moderate
Jaipur,2018-01-19,84.48,162.69,16.75,14.47,31.11,37.71,0.0,10.84,52.2,1.38,1.55,,190.0,Moderate
Jaipur,2018-01-20,94.69,171.49,7.76,17.15,31.71,29.4,0.0,12.27,70.72,1.39,0.91,,223.0,Poor
Jaipur,2018-01-21,84.69,159.86,17.52,18.37,46.95,38.1,0.01,10.02,51.67,1.73,2.1,,189.0,Moderate
Jaipur,2018-01-22,67.67,151.15,6.84,17.24,28.63,24.09,0.22,12.44,80.44,0.98,0.63,,171.0,Moderate
Jaipur,2018-01-23,67.38,139.83,13.71,22.56,32.81,19.99,0.21,8.79,63.97,1.13,2.27,,148.0,Moderate
Jaipur,2018-01-24,84.31,150.18,19.13,40.92,48.47,28.49,0.31,10.4,68.73,0.89,6.63,,181.0,Moderate
Jaipur,2018-01-25,86.57,136.44,40.34,43.76,61.77,38.27,0.42,9.51,46.15,2.07,3.42,,163.0,Moderate
Jaipur,2018-01-26,95.31,165.34,43.3,47.69,57.18,38.66,0.5,10.99,43.38,2.2,4.1,,247.0,Poor
Jaipur,2018-01-27,72.7,125.73,36.15,35.06,55.53,42.02,0.46,14.81,63.56,2.08,3.09,,171.0,Moderate
Jaipur,2018-01-28,67.97,125.41,25.14,32.42,50.91,40.31,1.23,17.77,64.12,2.19,2.41,,167.0,Moderate
Jaipur,2018-01-29,59.22,128.24,20.02,31.76,45.22,34.48,1.16,18.37,78.61,1.74,2.57,,154.0,Moderate
Jaipur,2018-01-30,99.61,255.39,38.71,42.64,67.01,35.15,1.36,17.4,40.81,2.69,7.15,,219.0,Poor
Jaipur,2018-01-31,69.6,194.82,29.36,34.65,50.6,23.28,1.18,13.34,50.29,1.66,1.99,,208.0,Poor
Jaipur,2018-02-01,71.01,202.91,43.6,19.91,44.29,28.1,1.7,10.94,30.7,3.16,3.73,,177.0,Moderate
Jaipur,2018-02-02,79.98,163.54,19.29,18.69,31.11,28.86,0.83,11.35,42.92,1.48,3.39,,168.0,Moderate
Jaipur,2018-02-03,49.84,142.6,10.72,22.09,25.56,23.2,0.75,21.12,77.78,0.5,0.5,,140.0,Moderate
Jaipur,2018-02-04,56.54,131.3,11.65,24.31,28.55,20.12,0.83,16.14,86.54,0.67,0.73,,132.0,Moderate
Jaipur,2018-02-05,116.02,143.84,13.46,25.7,30.15,18.66,0.75,14.37,73.03,0.97,1.13,,153.0,Moderate
Jaipur,2018-02-06,311.35,122.86,14.14,21.31,24.59,18.89,0.91,20.56,65.91,0.71,0.83,,305.0,Very Poor
Jaipur,2018-02-07,130.52,125.18,15.71,21.3,26.28,19.11,1.1,17.89,54.31,1.08,2.57,,291.0,Poor
Jaipur,2018-02-08,53.61,133.57,16.79,25.11,31.33,18.18,0.89,12.54,69.47,1.01,2.53,,208.0,Poor
Jaipur,2018-02-09,61.1,142.45,16.18,21.12,26.43,17.2,1.23,12.96,60.7,1.07,2.9,,140.0,Moderate
Jaipur,2018-02-10,68.06,130.41,10.99,17.46,19.86,13.4,0.54,11.43,94.86,1.49,2.19,,158.0,Moderate
Jaipur,2018-02-11,77.44,153.69,10.81,14.99,17.21,12.94,0.48,11.92,102.21,0.6,1.37,,204.0,Poor
Jaipur,2018-02-12,56.46,94.19,7.94,19.03,20.32,11.33,0.6,10.6,65.26,0.58,1.52,,140.0,Moderate
Jaipur,2018-02-13,61.48,115.9,9.45,28.36,32.45,22.27,0.62,9.0,63.08,0.63,3.21,,146.0,Moderate
Jaipur,2018-02-14,79.69,95.49,11.22,27.64,32.95,12.66,0.59,9.26,65.17,0.47,2.95,,114.0,Moderate
Jaipur,2018-02-15,70.2,120.24,13.93,28.2,38.92,13.95,1.18,12.55,45.86,0.91,5.08,,156.0,Moderate
Jaipur,2018-02-16,73.01,151.38,24.19,33.56,54.9,19.48,1.51,10.87,46.16,0.85,15.65,,174.0,Moderate
Jaipur,2018-02-17,107.82,195.09,34.5,44.05,78.06,19.8,1.65,14.71,38.36,1.89,25.16,,221.0,Poor
Jaipur,2018-02-18,103.08,206.35,16.87,39.2,55.76,22.7,0.71,9.36,60.49,0.68,21.63,,275.0,Poor
Jaipur,2018-02-19,65.08,170.79,20.2,41.52,61.35,23.01,1.17,12.98,89.57,0.54,23.16,,198.0,Moderate
Jaipur,2018-02-20,65.66,169.44,32.37,64.87,87.92,26.91,1.41,7.55,69.73,1.3,23.83,,167.0,Moderate
Jaipur,2018-02-21,105.11,191.24,33.99,60.04,86.83,35.53,1.55,10.72,38.47,1.66,4.07,,223.0,Poor
Jaipur,2018-02-22,116.61,218.51,36.02,48.54,77.43,44.82,1.43,10.53,39.8,2.06,5.17,,254.0,Poor
Jaipur,2018-02-23,146.31,200.22,33.72,48.56,73.15,38.87,1.34,9.91,39.47,2.3,8.57,,311.0,Very Poor
Jaipur,2018-02-24,74.56,173.37,26.21,49.15,65.37,36.05,0.98,17.05,40.12,2.28,8.63,,180.0,Moderate
Jaipur,2018-02-25,49.48,132.12,13.33,37.71,41.26,26.34,0.83,8.32,63.51,0.68,2.62,,148.0,Moderate
Jaipur,2018-02-26,42.24,111.95,13.97,43.16,47.11,26.92,0.81,10.13,53.56,0.61,2.47,,107.0,Moderate
Jaipur,2018-02-27,56.23,140.03,15.35,39.9,42.66,26.69,0.89,11.47,51.77,0.67,2.0,,130.0,Moderate
Jaipur,2018-02-28,55.39,135.15,13.49,39.98,43.46,26.86,0.99,8.37,81.28,1.03,3.01,,154.0,Moderate
Jaipur,2018-03-01,64.1,125.46,11.57,34.24,36.96,24.35,0.75,12.0,81.47,1.22,4.17,,147.0,Moderate
Jaipur,2018-03-02,55.62,96.5,10.77,38.45,40.16,25.44,0.76,8.08,56.37,0.75,4.72,,118.0,Moderate
Jaipur,2018-03-03,51.15,106.4,10.81,50.57,54.25,28.59,0.67,6.62,56.2,0.61,4.41,,111.0,Moderate
Jaipur,2018-03-04,56.89,112.89,11.9,45.56,49.83,33.53,0.71,8.31,58.18,0.57,3.76,,114.0,Moderate
Jaipur,2018-03-05,31.08,65.63,9.04,39.92,40.93,27.62,0.65,8.22,68.26,0.38,2.61,,105.0,Moderate
Jaipur,2018-03-06,33.67,76.99,12.09,47.97,51.47,26.16,0.65,10.76,61.55,0.54,2.85,,98.0,Satisfactory
Jaipur,2018-03-07,44.18,87.4,15.66,51.18,58.14,27.31,0.79,9.78,45.88,0.79,3.13,,103.0,Moderate
Jaipur,2018-03-08,30.45,74.35,13.12,43.17,48.29,23.28,0.62,9.88,60.92,0.79,3.18,,100.0,Satisfactory
Jaipur,2018-03-09,32.75,93.2,8.88,39.37,45.3,23.9,0.68,10.32,66.18,0.82,4.06,,99.0,Satisfactory
Jaipur,2018-03-10,45.01,101.44,7.93,38.12,42.08,20.44,0.77,12.32,91.2,0.92,2.08,,127.0,Moderate
Jaipur,2018-03-11,34.41,93.48,13.06,42.62,48.85,23.44,0.61,9.72,74.52,0.7,3.31,,113.0,Moderate
Jaipur,2018-03-12,42.66,114.52,14.24,47.37,56.16,25.5,1.07,7.8,62.44,0.83,4.02,,118.0,Moderate
Jaipur,2018-03-13,55.22,134.5,15.03,47.85,61.12,23.49,1.2,9.81,45.99,1.27,2.68,,133.0,Moderate
Jaipur,2018-03-14,47.13,149.6,11.63,41.97,51.65,20.16,0.67,10.37,24.9,0.57,2.35,,126.0,Moderate
Jaipur,2018-03-15,43.63,145.77,12.56,42.68,54.24,23.55,0.82,8.84,34.09,0.81,2.7,,133.0,Moderate
Jaipur,2018-03-16,50.2,145.28,9.71,36.64,45.46,21.3,0.69,10.57,60.08,1.04,2.25,,137.0,Moderate
Jaipur,2018-03-17,41.0,110.91,7.91,37.36,43.71,17.9,0.71,11.16,74.39,0.51,1.26,,124.0,Moderate
Jaipur,2018-03-18,33.6,95.43,6.73,34.5,39.58,15.99,0.76,11.81,84.96,0.71,1.27,,116.0,Moderate
Jaipur,2018-03-19,44.62,117.03,7.62,29.87,34.41,15.79,0.78,11.13,81.08,0.85,1.33,,113.0,Moderate
Jaipur,2018-03-20,41.72,102.34,9.1,39.72,44.5,19.97,0.78,9.02,50.35,0.44,1.53,,115.0,Moderate
Jaipur,2018-03-21,56.15,170.32,10.23,34.22,40.25,16.37,0.67,8.62,48.83,0.3,1.15,,125.0,Moderate
Jaipur,2018-03-22,52.94,137.88,8.89,29.2,33.77,20.57,0.73,9.33,71.21,0.35,0.88,,146.0,Moderate
Jaipur,2018-03-23,40.63,99.92,7.92,29.49,33.29,19.85,0.79,7.61,69.35,0.39,0.88,,113.0,Moderate
Jaipur,2018-03-24,48.33,99.02,8.93,38.26,43.21,17.58,0.73,8.77,53.65,0.47,1.33,,117.0,Moderate
Jaipur,2018-03-25,56.76,120.57,9.43,40.11,46.6,18.28,0.69,10.05,62.13,0.64,1.95,,139.0,Moderate
Jaipur,2018-03-26,56.16,122.38,20.9,48.03,65.21,23.62,1.17,10.06,42.88,1.41,5.43,,121.0,Moderate
Jaipur,2018-03-27,76.01,193.53,37.87,53.0,86.52,30.64,1.67,10.24,31.33,2.08,11.47,,172.0,Moderate
Jaipur,2018-03-28,49.92,145.62,10.75,34.58,40.83,19.53,0.86,11.31,43.54,0.71,1.7,,140.0,Moderate
Jaipur,2018-03-29,46.52,123.85,15.38,34.81,45.81,20.63,0.91,10.16,76.41,0.69,1.25,,131.0,Moderate
Jaipur,2018-03-30,60.9,165.81,11.89,35.24,42.69,19.86,0.72,11.24,66.68,0.59,1.38,,151.0,Moderate
Jaipur,2018-03-31,43.4,128.46,5.7,28.65,33.35,15.82,0.56,11.76,87.17,0.71,2.53,,140.0,Moderate
Jaipur,2018-04-01,54.63,150.31,5.06,26.69,31.74,21.56,0.72,9.94,100.86,1.17,2.95,,134.0,Moderate
Jaipur,2018-04-02,60.99,147.7,19.34,29.31,45.68,24.15,0.84,10.63,98.23,1.09,2.08,,150.0,Moderate
Jaipur,2018-04-03,62.79,164.25,9.79,33.62,39.32,19.23,0.83,9.35,91.4,0.81,2.05,,181.0,Moderate
Jaipur,2018-04-04,55.95,159.23,18.11,37.81,55.55,21.97,1.18,13.25,44.35,1.09,3.92,,142.0,Moderate
Jaipur,2018-04-05,62.98,168.6,10.44,35.89,43.27,21.16,0.74,11.46,70.08,0.83,3.07,,151.0,Moderate
Jaipur,2018-04-06,56.87,165.54,7.97,24.82,28.76,19.91,0.77,9.65,97.55,0.41,1.95,,145.0,Moderate
Jaipur,2018-04-07,45.6,130.82,8.9,34.27,39.97,27.39,1.03,8.96,93.05,0.77,3.24,,157.0,Moderate
Jaipur,2018-04-08,49.85,131.99,7.89,22.81,26.74,35.65,1.06,7.76,104.05,0.87,2.57,,158.0,Moderate
Jaipur,2018-04-09,39.81,114.73,7.39,25.52,28.75,28.36,0.8,7.84,98.39,0.49,2.36,,127.0,Moderate
Jaipur,2018-04-10,48.96,132.35,7.64,28.91,29.88,30.81,0.53,7.77,80.06,0.45,2.37,,129.0,Moderate
Jaipur,2018-04-11,42.24,107.11,6.42,30.38,34.97,25.95,0.66,6.34,70.35,0.75,4.23,,116.0,Moderate
Jaipur,2018-04-12,26.2,57.9,6.25,25.04,26.56,32.85,0.52,4.2,59.07,0.42,5.96,,100.0,Satisfactory
Jaipur,2018-04-13,27.64,67.81,9.52,39.4,38.41,21.54,0.68,7.09,43.98,0.29,3.42,,97.0,Satisfactory
Jaipur,2018-04-14,33.56,96.36,7.93,36.24,35.13,21.58,0.64,8.4,65.62,0.4,6.97,,124.0,Moderate
Jaipur,2018-04-15,37.67,114.8,8.38,35.9,35.45,23.19,0.6,7.43,60.73,0.35,8.62,,125.0,Moderate
Jaipur,2018-04-16,57.56,188.52,8.44,40.43,43.58,27.59,0.63,5.59,37.98,0.41,11.71,,130.0,Moderate
Jaipur,2018-04-17,51.78,162.73,8.54,35.93,38.92,23.86,0.61,7.5,40.94,0.35,12.08,,153.0,Moderate
Jaipur,2018-04-18,54.55,155.48,8.65,37.14,37.22,23.45,0.58,7.97,59.38,0.31,9.4,,149.0,Moderate
Jaipur,2018-04-19,64.1,167.26,11.68,45.78,48.99,28.08,0.78,7.73,45.28,0.45,10.29,,140.0,Moderate
Jaipur,2018-04-20,79.58,283.19,11.43,38.54,42.25,25.2,0.85,9.92,45.52,0.3,10.92,,202.0,Poor
Jaipur,2018-04-21,126.39,476.74,8.17,30.55,30.89,18.35,0.53,6.64,66.89,0.18,7.64,,434.0,Severe
Jaipur,2018-04-22,36.29,123.99,8.24,34.2,34.26,21.84,0.5,8.73,70.82,0.15,0.0,,185.0,Moderate
Jaipur,2018-04-23,96.02,109.14,4.74,33.55,34.61,22.12,0.7,6.96,71.61,0.32,3.79,,173.0,Moderate
Jaipur,2018-04-24,98.88,132.15,15.07,48.53,56.57,19.74,1.15,9.55,49.49,0.7,9.57,,124.0,Moderate
Jaipur,2018-04-25,56.46,141.44,20.38,60.46,71.45,25.05,1.19,9.46,42.43,0.75,13.24,,157.0,Moderate
Jaipur,2018-04-26,55.72,167.8,11.2,49.13,50.99,22.9,0.84,10.84,46.37,0.36,7.57,,136.0,Moderate
Jaipur,2018-04-27,76.08,203.97,7.31,53.92,50.85,27.11,0.71,10.29,42.32,0.46,4.74,,176.0,Moderate
Jaipur,2018-04-28,58.94,182.58,12.69,44.65,51.62,21.43,0.66,7.69,39.32,0.49,13.42,,179.0,Moderate
Jaipur,2018-04-29,56.72,181.87,8.52,32.45,40.97,11.99,0.5,5.78,68.36,0.61,21.78,,157.0,Moderate
Jaipur,2018-04-30,53.42,182.6,6.75,34.49,35.74,24.11,0.46,5.95,52.55,0.32,13.4,,158.0,Moderate
Jaipur,2018-05-01,56.81,210.23,7.73,40.11,41.2,38.78,0.7,7.74,51.24,0.48,9.62,,147.0,Moderate
Jaipur,2018-05-02,65.79,224.58,9.47,29.32,32.24,25.56,0.6,5.51,56.0,0.85,4.96,,168.0,Moderate
Jaipur,2018-05-03,47.86,155.74,8.07,26.94,30.48,16.3,0.49,7.75,85.36,0.77,17.94,,172.0,Moderate
Jaipur,2018-05-04,51.16,132.15,9.04,25.09,30.24,18.38,0.73,7.2,101.61,0.68,19.83,,150.0,Moderate
Jaipur,2018-05-05,60.11,148.22,12.38,34.71,40.5,18.5,0.77,8.75,111.96,0.92,22.12,,160.0,Moderate
Jaipur,2018-05-06,67.36,168.37,10.71,25.6,31.37,11.54,0.67,8.65,94.99,0.45,15.21,,171.0,Moderate
Jaipur,2018-05-07,53.19,145.71,13.16,26.45,34.22,17.04,0.86,10.8,84.84,0.42,20.61,,176.0,Moderate
Jaipur,2018-05-08,96.38,295.96,12.76,29.69,39.54,20.09,0.96,7.31,90.6,0.66,10.51,,250.0,Poor
Jaipur,2018-05-09,55.01,148.03,10.03,24.3,31.34,18.82,0.74,8.61,87.99,0.33,10.84,,181.0,Moderate
Jaipur,2018-05-10,52.1,126.26,12.6,35.04,41.54,13.08,0.84,8.44,83.94,0.42,12.65,,153.0,Moderate
Jaipur,2018-05-11,60.83,146.01,13.33,46.07,43.12,14.23,0.8,9.23,69.54,1.53,13.36,,137.0,Moderate
Jaipur,2018-05-12,55.45,155.01,11.51,36.61,35.19,12.97,0.94,9.43,55.5,1.19,8.7,,157.0,Moderate
Jaipur,2018-05-13,76.41,223.93,10.18,32.45,34.29,12.29,1.85,10.77,47.12,0.99,6.83,,152.0,Moderate
Jaipur,2018-05-14,83.35,266.9,7.27,24.54,27.02,11.79,1.77,10.47,70.44,1.03,7.12,,255.0,Poor
Jaipur,2018-05-15,78.39,202.16,8.56,27.49,30.82,9.0,2.1,10.55,56.62,0.89,5.64,,204.0,Poor
Jaipur,2018-05-16,71.69,196.66,17.05,41.27,51.73,12.65,2.11,11.15,68.29,1.04,6.36,,194.0,Moderate
Jaipur,2018-05-17,70.42,199.7,16.53,37.41,48.58,11.81,0.8,12.09,75.99,0.95,5.85,,181.0,Moderate
Jaipur,2018-05-18,56.88,153.33,15.45,38.21,48.72,12.85,0.91,11.27,74.15,1.24,4.96,,156.0,Moderate
Jaipur,2018-05-19,66.11,166.85,2.87,16.03,14.57,18.77,0.88,8.6,98.27,1.14,0.23,,161.0,Moderate
Jaipur,2018-05-20,54.57,223.76,3.14,21.16,19.51,19.62,0.83,9.45,93.77,0.91,0.31,,172.0,Moderate
Jaipur,2018-05-21,57.33,143.79,2.77,19.16,16.62,19.17,0.82,9.83,106.57,1.08,0.24,,193.0,Moderate
Jaipur,2018-05-22,68.99,189.57,6.78,27.86,27.73,21.62,1.07,11.69,91.18,1.54,0.34,,160.0,Moderate
Jaipur,2018-05-23,75.45,203.48,11.54,36.46,39.64,21.7,0.97,11.24,73.61,2.27,0.45,,199.0,Moderate
Jaipur,2018-05-24,61.93,168.39,7.43,30.38,31.24,23.1,0.86,16.49,101.63,1.52,1.36,,171.0,Moderate
Jaipur,2018-05-25,68.44,159.11,19.24,54.59,58.58,38.58,1.15,10.24,74.21,3.22,3.99,,169.0,Moderate
Jaipur,2018-05-26,56.84,138.06,20.06,44.26,50.55,33.24,1.03,12.22,71.11,1.65,4.36,,174.0,Moderate
Jaipur,2018-05-27,63.49,196.27,11.96,27.59,37.31,17.05,0.61,10.01,75.28,0.98,3.07,,153.0,Moderate
Jaipur,2018-05-28,70.45,188.11,9.79,41.91,44.83,14.22,0.93,15.87,77.68,1.36,3.89,,169.0,Moderate
Jaipur,2018-05-29,64.81,161.76,5.46,29.36,28.58,11.97,0.85,10.39,80.15,0.88,2.1,,170.0,Moderate
Jaipur,2018-05-30,59.09,190.37,6.79,22.64,25.08,17.28,0.98,10.23,48.49,0.61,2.03,,146.0,Moderate
Jaipur,2018-05-31,50.38,137.75,6.56,33.95,30.82,22.41,0.9,10.31,61.73,1.24,3.51,,138.0,Moderate
Jaipur,2018-06-01,71.04,179.51,8.39,24.45,29.19,16.23,0.9,12.89,53.89,1.14,3.79,,150.0,Moderate
Jaipur,2018-06-02,116.5,491.01,9.98,22.31,27.64,18.84,0.81,11.85,61.13,1.05,2.62,,379.0,Very Poor
Jaipur,2018-06-03,69.06,219.89,8.63,19.95,23.85,12.8,0.61,10.85,52.37,0.36,1.36,,265.0,Poor
Jaipur,2018-06-04,79.44,234.51,9.96,20.29,26.62,12.03,0.9,11.14,41.93,0.87,2.97,,190.0,Moderate
Jaipur,2018-06-05,79.41,225.77,7.9,12.82,18.46,14.82,0.74,9.03,70.1,0.69,1.55,,210.0,Poor
Jaipur,2018-06-06,59.58,191.06,7.62,15.35,19.44,13.97,0.82,8.07,94.49,0.54,0.84,,189.0,Moderate
Jaipur,2018-06-07,69.5,197.39,7.76,17.07,20.01,14.55,0.82,8.76,77.34,0.73,1.07,,132.0,Moderate
Jaipur,2018-06-08,83.02,256.32,8.39,19.03,23.36,16.57,0.81,8.28,35.54,0.93,2.36,,220.0,Poor
Jaipur,2018-06-09,49.28,101.89,9.29,18.54,23.49,23.33,0.53,10.74,30.99,0.72,2.64,,160.0,Moderate
Jaipur,2018-06-10,45.19,113.8,7.87,18.04,21.46,20.35,0.5,11.19,49.77,0.52,1.47,,100.0,Satisfactory
Jaipur,2018-06-11,49.5,152.0,9.69,18.3,22.39,19.28,0.44,9.54,50.65,0.78,1.77,,118.0,Moderate
Jaipur,2018-06-12,73.33,248.63,8.37,22.09,24.34,28.49,0.7,10.04,39.2,0.49,2.56,,169.0,Moderate
Jaipur,2018-06-13,84.79,361.08,15.57,18.75,24.92,22.76,0.56,9.3,38.38,0.24,2.24,,285.0,Poor
Jaipur,2018-06-14,92.4,324.0,10.17,15.67,22.25,20.29,0.4,6.74,47.67,0.29,2.04,,269.0,Poor
Jaipur,2018-06-15,70.52,216.17,9.22,19.28,24.29,24.1,0.54,9.06,50.32,0.34,2.39,,264.0,Poor
Jaipur,2018-06-16,62.62,158.06,8.87,23.54,22.7,19.88,0.55,9.4,47.06,0.26,2.24,,155.0,Moderate
Jaipur,2018-06-17,54.54,130.08,9.16,24.46,23.99,20.21,0.48,9.07,42.86,0.26,2.34,,128.0,Moderate
Jaipur,2018-06-18,79.91,239.87,8.83,21.54,21.73,18.18,0.48,9.68,53.41,0.39,2.42,,161.0,Moderate
Jaipur,2018-06-19,58.91,125.66,9.93,20.24,24.72,14.42,0.47,8.23,62.32,0.45,3.93,,162.0,Moderate
Jaipur,2018-06-20,51.15,99.87,12.89,22.97,32.68,18.94,0.54,13.27,61.32,0.44,3.47,,111.0,Moderate
Jaipur,2018-06-21,83.77,198.31,8.07,25.52,31.67,19.51,0.83,13.19,65.73,0.66,3.69,,160.0,Moderate
Jaipur,2018-06-22,71.26,145.43,9.58,30.02,39.6,24.08,0.77,10.2,60.59,0.73,3.68,,173.0,Moderate
Jaipur,2018-06-23,69.38,143.46,7.66,19.31,26.97,32.96,0.56,10.28,61.66,0.43,2.76,,156.0,Moderate
Jaipur,2018-06-24,60.2,116.5,7.91,19.87,27.78,40.99,0.66,9.77,62.2,0.39,2.38,,132.0,Moderate
Jaipur,2018-06-25,52.05,93.53,8.35,18.64,26.99,30.81,0.64,8.21,58.03,0.46,3.35,,100.0,Satisfactory
Jaipur,2018-06-26,46.38,80.01,8.16,21.35,28.71,27.42,0.75,9.73,51.49,0.59,2.97,,90.0,Satisfactory
Jaipur,2018-06-27,53.68,70.62,11.58,23.61,35.14,25.29,0.8,9.54,23.74,0.81,3.7,,94.0,Satisfactory
Jaipur,2018-06-28,54.1,45.71,11.04,12.34,23.33,21.52,0.64,10.02,41.04,0.53,2.66,,155.0,Moderate
Jaipur,2018-06-29,77.05,50.54,9.06,15.56,24.24,17.72,0.52,8.04,30.16,1.75,2.29,,123.0,Moderate
Jaipur,2018-06-30,73.53,66.1,9.31,14.69,23.79,11.11,0.55,9.04,34.25,0.48,1.62,,135.0,Moderate
Jaipur,2018-07-01,92.72,127.94,10.68,22.37,33.05,14.91,0.3,10.73,28.59,0.63,1.29,,153.0,Moderate
Jaipur,2018-07-02,42.08,92.06,11.21,20.43,31.64,14.54,0.55,10.97,29.6,0.74,2.37,,151.0,Moderate
Jaipur,2018-07-03,42.91,64.43,11.13,18.48,29.59,12.28,0.54,11.7,31.25,0.77,3.78,,94.0,Satisfactory
Jaipur,2018-07-04,45.51,75.61,11.12,16.82,27.94,11.13,0.48,11.0,34.1,0.69,3.95,,89.0,Satisfactory
Jaipur,2018-07-05,79.95,132.67,10.92,15.53,26.45,10.0,0.59,9.44,32.81,0.89,5.05,,154.0,Moderate
Jaipur,2018-07-06,51.39,164.14,9.99,16.71,26.7,9.21,0.75,10.3,49.06,0.87,4.83,,155.0,Moderate
Jaipur,2018-07-07,62.56,171.89,8.19,17.3,25.49,8.63,0.89,10.34,56.81,0.66,3.77,,141.0,Moderate
Jaipur,2018-07-08,61.82,174.4,9.04,18.38,27.42,9.48,0.78,10.72,57.03,0.74,3.92,,154.0,Moderate
Jaipur,2018-07-09,61.97,169.73,9.41,16.79,26.19,9.9,0.77,9.83,59.01,0.99,5.77,,157.0,Moderate
Jaipur,2018-07-10,53.08,125.02,10.13,15.06,23.27,13.56,0.72,8.84,56.39,0.83,4.72,,136.0,Moderate
Jaipur,2018-07-11,51.71,82.22,10.65,18.88,28.65,16.77,0.68,8.4,37.09,1.28,7.01,,108.0,Moderate
Jaipur,2018-07-12,66.31,82.09,10.16,17.37,27.5,14.28,0.73,9.51,32.42,1.18,6.78,,142.0,Moderate
Jaipur,2018-07-13,27.49,55.56,10.53,18.46,28.96,11.97,0.63,10.32,29.86,0.99,6.64,,90.0,Satisfactory
Jaipur,2018-07-14,26.18,59.32,10.44,18.85,29.28,11.89,0.62,8.47,32.24,0.51,2.26,,60.0,Satisfactory
Jaipur,2018-07-15,25.63,41.93,11.06,23.25,34.29,11.22,0.79,8.56,31.86,0.73,3.04,,62.0,Satisfactory
Jaipur,2018-07-16,39.39,52.99,10.17,21.92,32.03,14.39,0.65,9.6,33.6,1.16,5.34,,86.0,Satisfactory
Jaipur,2018-07-17,20.77,49.09,9.13,20.3,29.42,20.57,0.58,9.32,33.19,0.67,3.18,,67.0,Satisfactory
Jaipur,2018-07-18,70.35,62.93,8.69,18.46,27.05,27.07,0.57,10.16,32.39,0.56,2.15,,134.0,Moderate
Jaipur,2018-07-19,25.27,50.27,9.51,19.14,28.64,21.18,0.74,9.16,29.67,1.06,4.4,,83.0,Satisfactory
Jaipur,2018-07-20,35.41,73.79,10.96,17.72,28.59,15.18,0.63,8.33,29.51,1.16,4.57,,81.0,Satisfactory
Jaipur,2018-07-21,61.42,58.65,8.93,14.77,23.66,9.6,0.68,7.23,23.64,0.74,2.47,,130.0,Moderate
Jaipur,2018-07-22,22.64,51.94,9.29,16.73,25.95,10.57,0.6,6.87,20.56,0.38,1.71,,89.0,Satisfactory
Jaipur,2018-07-23,25.16,58.85,9.78,14.22,23.83,10.48,0.63,8.89,22.8,0.69,2.48,,57.0,Satisfactory
Jaipur,2018-07-24,35.17,56.67,9.85,13.68,23.47,9.7,0.58,12.59,23.79,0.67,2.87,,73.0,Satisfactory
Jaipur,2018-07-25,31.45,74.65,10.18,12.75,22.8,9.25,0.71,10.01,20.22,0.55,2.63,,66.0,Satisfactory
Jaipur,2018-07-26,55.96,154.02,10.35,16.85,27.03,7.75,0.58,8.96,18.44,0.54,2.39,,114.0,Moderate
Jaipur,2018-07-27,52.41,137.81,9.62,16.53,26.15,7.49,0.49,9.81,25.3,0.51,1.81,,132.0,Moderate
Jaipur,2018-07-28,48.42,115.76,9.58,17.69,27.27,7.43,0.52,8.71,19.37,0.43,1.47,,117.0,Moderate
Jaipur,2018-07-29,50.68,122.45,8.99,15.94,24.94,7.11,0.42,9.76,18.87,0.34,1.11,,115.0,Moderate
Jaipur,2018-07-30,44.09,107.31,7.8,17.26,25.07,9.96,0.45,10.03,19.16,0.41,1.35,,107.0,Moderate
Jaipur,2018-07-31,53.4,139.8,8.72,31.33,32.48,15.13,0.48,9.76,28.43,0.44,1.57,,114.0,Moderate
Jaipur,2018-08-01,63.97,178.41,14.02,30.99,33.17,18.31,0.51,8.75,47.11,0.35,1.25,,147.0,Moderate
Jaipur,2018-08-02,68.84,191.11,10.95,20.59,26.64,11.37,0.53,8.6,52.35,0.32,1.3,,158.0,Moderate
Jaipur,2018-08-03,68.51,187.2,12.4,27.2,34.91,10.0,0.69,9.41,41.62,0.31,1.28,,165.0,Moderate
Jaipur,2018-08-04,61.58,173.12,15.01,23.91,32.28,10.65,0.69,10.74,36.23,0.26,1.07,,154.0,Moderate
Jaipur,2018-08-05,60.62,164.36,11.85,24.05,29.14,7.11,0.69,9.3,34.4,0.28,1.4,,153.0,Moderate
Jaipur,2018-08-06,50.47,133.34,13.32,22.21,29.95,8.67,0.73,10.37,31.14,0.41,1.76,,129.0,Moderate
Jaipur,2018-08-07,54.87,113.08,8.78,26.42,30.51,9.47,0.91,8.0,32.71,0.71,2.74,,113.0,Moderate
Jaipur,2018-08-08,51.27,92.53,12.92,21.8,31.27,12.7,0.83,7.59,31.31,0.74,2.95,,118.0,Moderate
Jaipur,2018-08-09,28.7,54.06,16.12,19.36,29.37,15.3,0.75,9.74,36.08,0.62,2.39,,93.0,Satisfactory
Jaipur,2018-08-10,34.8,75.27,12.13,24.58,29.78,17.23,0.75,11.08,27.59,0.68,2.46,,69.0,Satisfactory
Jaipur,2018-08-11,37.53,82.0,10.89,23.6,29.95,11.67,0.66,7.66,24.11,0.41,6.35,,79.0,Satisfactory
Jaipur,2018-08-12,26.76,76.2,9.92,20.85,26.97,9.43,0.59,7.26,25.35,0.3,9.19,,79.0,Satisfactory
Jaipur,2018-08-13,35.63,98.64,8.9,20.43,25.81,9.12,0.65,7.17,33.16,0.4,12.26,,82.0,Satisfactory
Jaipur,2018-08-14,51.3,106.87,8.62,21.97,26.69,11.66,0.77,9.28,30.22,0.66,14.94,,100.0,Satisfactory
Jaipur,2018-08-15,73.24,174.59,9.58,20.69,26.49,12.89,0.64,11.23,25.3,0.5,15.11,,158.0,Moderate
Jaipur,2018-08-16,38.92,63.99,8.99,19.6,25.37,14.62,0.74,10.39,26.32,0.74,17.07,,115.0,Moderate
Jaipur,2018-08-17,32.28,50.48,6.91,14.35,18.06,13.96,0.61,8.93,33.85,0.53,13.99,,61.0,Satisfactory
Jaipur,2018-08-18,33.39,59.66,8.43,17.54,21.44,13.72,0.72,10.47,37.38,0.55,11.7,,74.0,Satisfactory
Jaipur,2018-08-19,25.88,54.67,16.21,19.22,31.7,12.38,0.82,10.13,22.25,0.67,16.31,,75.0,Satisfactory
Jaipur,2018-08-20,28.61,63.08,20.09,18.9,34.44,16.35,0.9,9.34,15.29,0.99,11.0,,74.0,Satisfactory
Jaipur,2018-08-21,29.54,74.71,12.06,20.9,28.59,16.55,0.82,10.09,20.84,0.93,12.88,,79.0,Satisfactory
Jaipur,2018-08-22,39.29,72.22,13.49,22.76,32.0,14.75,0.73,10.06,20.31,0.72,11.26,,84.0,Satisfactory
Jaipur,2018-08-23,28.67,54.46,14.49,21.23,31.76,12.91,0.67,10.24,15.52,0.43,8.18,,69.0,Satisfactory
Jaipur,2018-08-24,29.88,66.95,13.38,20.67,30.28,11.54,0.6,8.77,19.43,0.88,11.69,,87.0,Satisfactory
Jaipur,2018-08-25,29.4,66.07,14.17,21.68,31.42,11.29,0.59,9.0,18.62,0.91,12.97,,70.0,Satisfactory
Jaipur,2018-08-26,34.97,89.44,10.4,21.09,27.19,10.76,0.54,8.74,23.44,0.87,15.6,,75.0,Satisfactory
Jaipur,2018-08-27,42.25,121.42,15.81,23.04,33.68,11.73,0.75,9.08,22.87,1.1,13.54,,100.0,Satisfactory
Jaipur,2018-08-28,44.1,184.45,10.68,23.31,28.96,12.09,0.74,10.98,29.72,1.38,12.67,,157.0,Moderate
Jaipur,2018-08-29,28.57,81.65,10.62,19.4,26.06,12.2,0.75,11.17,25.5,1.06,15.81,,100.0,Satisfactory
Jaipur,2018-08-30,44.67,142.72,10.82,19.92,26.83,12.24,0.65,9.56,20.82,0.5,9.97,,111.0,Moderate
Jaipur,2018-08-31,38.23,108.97,9.76,18.28,24.75,12.9,0.57,11.33,22.11,0.41,7.62,,127.0,Moderate
Jaipur,2018-09-01,31.62,82.3,12.87,19.36,28.09,11.93,0.62,11.67,21.7,0.44,7.17,,79.0,Satisfactory
Jaipur,2018-09-02,28.93,58.8,13.13,20.51,29.64,12.89,0.64,11.05,17.52,0.43,8.47,,80.0,Satisfactory
Jaipur,2018-09-03,30.21,52.13,13.19,24.24,33.47,14.5,0.66,10.92,15.95,0.53,9.48,,60.0,Satisfactory
Jaipur,2018-09-04,34.05,75.55,14.66,24.24,34.79,18.11,0.71,11.25,18.1,0.6,9.18,,68.0,Satisfactory
Jaipur,2018-09-05,45.64,125.37,13.25,22.44,32.17,16.1,0.75,11.59,18.88,0.59,6.94,,94.0,Satisfactory
Jaipur,2018-09-06,45.95,111.45,13.32,23.44,31.5,12.55,0.71,11.5,20.8,0.58,7.06,,122.0,Moderate
Jaipur,2018-09-07,36.89,84.08,14.52,26.35,35.47,13.89,0.72,11.4,26.56,0.62,7.12,,90.0,Satisfactory
Jaipur,2018-09-08,29.7,66.71,11.65,18.53,27.38,14.45,0.73,10.5,25.61,0.6,5.1,,89.0,Satisfactory
Jaipur,2018-09-09,20.31,36.25,10.08,12.5,20.6,8.84,0.78,7.8,22.55,0.53,2.59,,59.0,Satisfactory
Jaipur,2018-09-10,32.94,69.66,13.01,15.6,26.34,9.7,0.78,8.4,13.27,0.72,3.76,,68.0,Satisfactory
Jaipur,2018-09-11,33.66,81.34,15.68,17.24,30.06,10.19,0.92,9.8,12.3,0.92,3.71,,80.0,Satisfactory
Jaipur,2018-09-12,36.18,86.86,13.38,18.96,28.13,11.99,0.69,10.89,18.57,0.59,3.83,,90.0,Satisfactory
Jaipur,2018-09-13,45.9,86.72,9.76,17.96,24.16,10.78,0.77,10.91,24.72,0.58,12.16,,96.0,Satisfactory
Jaipur,2018-09-14,47.34,93.5,9.96,21.39,26.98,11.76,0.71,11.19,24.79,0.64,9.17,,104.0,Moderate
Jaipur,2018-09-15,47.33,96.66,11.74,23.88,30.7,12.66,0.7,9.41,27.95,0.65,9.23,,103.0,Moderate
Jaipur,2018-09-16,43.96,95.56,8.63,22.94,28.2,11.46,0.71,8.59,34.71,0.55,15.77,,99.0,Satisfactory
Jaipur,2018-09-17,44.71,105.2,8.48,24.33,27.23,13.46,0.68,9.07,34.58,0.68,9.42,,93.0,Satisfactory
Jaipur,2018-09-18,48.12,108.36,12.96,25.65,32.32,17.29,0.84,9.87,28.52,0.68,4.18,,105.0,Moderate
Jaipur,2018-09-19,49.52,125.88,13.52,27.89,35.53,20.44,0.92,15.17,36.04,0.68,1.88,,108.0,Moderate
Jaipur,2018-09-20,48.99,131.03,8.51,29.68,32.55,27.4,0.95,11.49,41.56,0.7,2.13,,120.0,Moderate
Jaipur,2018-09-21,47.7,152.06,6.15,17.58,19.86,29.4,0.81,10.81,58.88,0.82,3.16,,148.0,Moderate
Jaipur,2018-09-22,17.46,42.51,7.65,14.55,21.02,24.27,0.72,11.13,27.01,0.76,3.21,,81.0,Satisfactory
Jaipur,2018-09-23,15.78,29.29,5.87,12.4,18.27,23.77,0.62,12.14,29.18,0.66,3.29,,54.0,Satisfactory
Jaipur,2018-09-24,22.0,49.27,14.5,18.08,29.72,21.8,0.89,10.45,18.05,0.92,3.24,,62.0,Satisfactory
Jaipur,2018-09-25,39.67,119.84,22.33,24.13,41.05,22.73,1.15,10.11,21.18,1.16,3.14,,91.0,Satisfactory
Jaipur,2018-09-26,52.7,148.79,22.32,24.82,40.12,25.21,1.21,8.09,20.58,1.2,3.14,,135.0,Moderate
Jaipur,2018-09-27,53.34,137.69,30.58,29.87,51.29,20.66,1.06,9.04,20.41,1.16,3.15,,133.0,Moderate
Jaipur,2018-09-28,57.85,133.41,42.62,28.89,56.9,23.72,1.34,11.1,25.73,1.2,3.15,,134.0,Moderate
Jaipur,2018-09-29,55.11,204.24,42.3,32.84,58.5,26.59,1.34,9.96,23.3,1.24,5.13,,174.0,Moderate
Jaipur,2018-09-30,50.9,169.67,18.51,30.4,41.26,24.82,1.14,10.08,24.86,1.51,12.23,,151.0,Moderate
Jaipur,2018-10-01,47.8,120.65,25.54,30.31,47.15,21.91,1.16,11.04,23.78,1.54,10.23,,128.0,Moderate
Jaipur,2018-10-02,52.83,130.6,40.85,27.83,56.61,27.81,1.28,14.15,27.09,1.54,14.22,,125.0,Moderate
Jaipur,2018-10-03,41.04,117.24,18.0,37.48,46.19,24.45,1.13,12.57,34.67,1.52,10.96,,125.0,Moderate
Jaipur,2018-10-04,42.35,86.8,11.02,35.71,38.02,22.74,0.98,9.8,51.58,1.17,9.99,,101.0,Moderate
Jaipur,2018-10-05,46.05,103.51,13.33,37.16,40.68,20.32,1.06,10.32,41.69,1.38,9.47,,101.0,Moderate
Jaipur,2018-10-06,46.46,118.1,22.36,32.3,44.18,21.12,0.95,10.31,45.55,1.11,10.71,,103.0,Moderate
Jaipur,2018-10-07,44.93,112.71,14.2,34.63,39.73,19.4,0.91,9.94,59.91,1.21,11.37,,118.0,Moderate
Jaipur,2018-10-08,44.43,104.33,17.76,41.0,47.78,19.02,1.1,10.18,53.06,1.37,10.58,,116.0,Moderate
Jaipur,2018-10-09,49.14,118.42,33.36,37.55,59.12,22.65,1.12,11.77,28.8,1.34,9.02,,109.0,Moderate
Jaipur,2018-10-10,69.46,149.94,17.1,36.41,45.2,27.93,1.01,16.05,35.97,1.35,10.06,,121.0,Moderate
Jaipur,2018-10-11,71.12,164.77,9.91,27.52,31.45,21.64,0.9,9.12,62.94,1.24,11.21,,178.0,Moderate
Jaipur,2018-10-12,61.36,135.2,13.2,28.83,34.58,17.21,0.92,8.56,63.73,1.2,11.76,,137.0,Moderate
Jaipur,2018-10-13,59.86,129.21,11.34,35.09,37.28,15.96,0.8,11.57,61.39,1.19,10.59,,130.0,Moderate
Jaipur,2018-10-14,65.77,175.48,11.34,36.45,38.31,14.96,0.9,11.12,55.39,1.22,13.96,,142.0,Moderate
Jaipur,2018-10-15,66.0,143.41,34.26,40.58,64.0,15.86,1.38,14.45,53.49,1.69,12.61,,152.0,Moderate
Jaipur,2018-10-16,85.38,156.8,46.41,42.5,83.77,24.55,1.43,13.89,27.12,2.08,14.93,,195.0,Moderate
Jaipur,2018-10-17,58.16,128.48,52.28,45.45,77.86,25.93,1.6,11.8,26.39,1.76,13.98,,151.0,Moderate
Jaipur,2018-10-18,67.49,147.49,43.71,59.26,87.19,27.25,1.36,13.06,28.91,1.98,15.65,,149.0,Moderate
Jaipur,2018-10-19,78.42,147.93,20.04,53.89,57.64,25.15,1.26,9.78,52.77,1.69,16.46,,151.0,Moderate
Jaipur,2018-10-20,72.99,136.15,19.95,47.86,54.99,24.57,1.54,9.25,61.5,1.73,13.36,,180.0,Moderate
Jaipur,2018-10-21,74.69,181.3,7.04,38.28,34.6,20.42,0.96,10.36,77.81,1.33,13.33,,185.0,Moderate
Jaipur,2018-10-22,60.43,113.03,27.39,47.36,59.74,22.14,1.28,9.52,53.21,1.59,10.82,,163.0,Moderate
Jaipur,2018-10-23,51.98,108.54,19.57,37.34,48.23,23.69,1.27,8.39,57.11,1.32,15.52,,117.0,Moderate
Jaipur,2018-10-24,59.1,121.51,29.87,42.32,58.23,24.74,1.3,9.23,47.41,1.37,14.16,,135.0,Moderate
Jaipur,2018-10-25,55.75,123.68,23.33,41.0,53.35,24.69,1.2,9.29,43.91,1.73,12.12,,139.0,Moderate
Jaipur,2018-10-26,62.72,131.48,11.61,35.17,39.16,24.39,1.02,9.15,61.83,1.36,8.79,,146.0,Moderate
Jaipur,2018-10-27,69.35,137.79,15.15,45.64,52.5,28.22,1.09,10.26,58.93,1.32,2.17,,160.0,Moderate
Jaipur,2018-10-28,80.31,151.56,13.14,44.02,49.04,27.6,1.07,12.13,70.93,1.33,2.29,,186.0,Moderate
Jaipur,2018-10-29,92.86,172.78,19.73,56.12,63.9,28.68,1.63,11.43,59.07,1.84,1.68,,212.0,Poor
Jaipur,2018-10-30,80.37,168.18,22.04,54.2,62.39,24.58,1.62,11.32,48.61,2.12,3.21,,219.0,Poor
Jaipur,2018-10-31,60.99,192.07,17.36,50.16,59.68,22.85,1.43,9.62,102.73,2.03,3.04,,218.0,Poor
Jaipur,2018-11-01,71.04,159.56,39.0,55.17,81.51,22.34,1.91,13.46,56.74,2.46,4.4,,195.0,Moderate
Jaipur,2018-11-02,63.12,139.07,65.05,58.43,110.57,26.49,1.92,8.24,45.11,3.01,4.06,,194.0,Moderate
Jaipur,2018-11-03,49.51,111.45,43.49,50.46,81.95,21.28,1.44,11.34,40.8,1.86,2.7,,142.0,Moderate
Jaipur,2018-11-04,79.78,155.07,14.27,40.36,46.16,19.89,1.08,9.9,41.88,1.42,1.64,,169.0,Moderate
Jaipur,2018-11-05,44.83,96.51,19.13,44.42,53.37,20.85,0.95,9.49,39.54,1.03,1.6,,120.0,Moderate
Jaipur,2018-11-06,74.94,143.3,25.57,51.35,66.09,19.99,1.4,10.95,39.45,1.4,2.44,,145.0,Moderate
Jaipur,2018-11-07,74.51,147.91,41.43,46.85,75.93,16.08,1.53,16.96,36.81,1.48,2.46,,141.0,Moderate
Jaipur,2018-11-08,106.88,228.55,33.54,29.13,53.74,14.73,1.96,27.32,41.57,1.96,1.98,,250.0,Poor
Jaipur,2018-11-09,108.86,256.31,62.22,34.38,87.8,21.6,2.74,14.94,41.49,2.89,2.16,,243.0,Poor
Jaipur,2018-11-10,99.02,243.42,50.0,44.37,82.3,17.78,2.65,12.17,43.69,3.15,2.19,,258.0,Poor
Jaipur,2018-11-11,60.18,171.85,25.95,55.83,80.06,20.19,2.42,10.39,41.03,1.88,0.61,,175.0,Moderate
Jaipur,2018-11-12,70.21,171.55,55.58,56.75,96.78,19.89,2.39,15.29,32.75,2.04,3.31,,164.0,Moderate
Jaipur,2018-11-13,73.57,193.07,83.87,64.22,118.02,19.49,2.46,11.52,21.63,3.14,6.63,,202.0,Poor
Jaipur,2018-11-14,56.53,120.91,13.73,56.95,59.62,14.39,1.26,10.2,48.12,1.25,2.02,,139.0,Moderate
Jaipur,2018-11-15,84.76,179.8,21.54,68.0,76.85,18.3,1.53,7.17,28.87,1.9,4.0,,158.0,Moderate
Jaipur,2018-11-16,87.76,180.6,15.07,60.76,64.28,17.31,1.4,10.46,41.94,1.56,2.25,,210.0,Poor
Jaipur,2018-11-17,77.87,171.56,46.15,47.14,77.97,21.08,1.96,9.88,33.16,2.45,5.4,,193.0,Moderate
Jaipur,2018-11-18,67.8,132.79,15.19,41.75,44.87,15.08,1.21,12.13,58.23,1.31,8.42,,184.0,Moderate
Jaipur,2018-11-19,59.2,123.11,15.81,46.42,46.87,13.44,1.24,11.45,61.44,1.46,7.19,,132.0,Moderate
Jaipur,2018-11-20,68.34,145.57,30.79,51.87,68.81,21.02,1.29,11.07,31.97,1.51,7.22,,159.0,Moderate
Jaipur,2018-11-21,87.81,160.78,25.94,47.29,61.09,16.6,1.74,13.14,52.16,2.18,8.2,,161.0,Moderate
Jaipur,2018-11-22,72.61,144.07,8.89,41.72,39.46,11.04,0.99,12.48,73.92,1.35,7.87,,201.0,Poor
Jaipur,2018-11-23,70.4,168.41,13.08,46.13,48.41,14.94,1.16,12.7,52.86,1.26,6.81,,175.0,Moderate
Jaipur,2018-11-24,74.86,159.27,26.61,43.16,58.75,20.48,1.49,13.3,49.72,1.83,6.27,,157.0,Moderate
Jaipur,2018-11-25,92.15,193.58,74.39,41.7,99.17,23.81,1.71,11.59,32.84,2.77,11.24,,220.0,Poor
Jaipur,2018-11-26,63.6,139.42,27.15,47.57,61.76,17.38,1.24,10.68,42.32,1.64,7.93,,176.0,Moderate
Jaipur,2018-11-27,67.29,132.45,7.75,39.88,37.17,13.18,1.13,13.03,77.62,1.12,7.18,,149.0,Moderate
Jaipur,2018-11-28,82.51,150.3,7.44,36.11,34.09,12.35,1.14,10.07,76.29,1.04,5.91,,175.0,Moderate
Jaipur,2018-11-29,73.02,159.61,23.35,43.46,52.5,10.9,1.39,9.53,48.1,1.76,7.72,,198.0,Moderate
Jaipur,2018-11-30,69.45,171.07,72.64,37.52,92.54,15.13,1.85,13.0,30.05,3.02,11.27,,159.0,Moderate
Jaipur,2018-12-01,73.56,177.14,72.67,45.95,100.82,20.92,1.87,13.79,27.97,2.52,8.76,,180.0,Moderate
Jaipur,2018-12-02,71.73,159.49,34.49,47.58,67.09,20.88,1.51,12.63,38.64,1.79,10.27,,184.0,Moderate
Jaipur,2018-12-03,71.78,154.57,38.83,49.84,73.89,22.92,1.74,11.81,31.94,2.07,10.89,,184.0,Moderate
Jaipur,2018-12-04,59.35,135.66,29.9,46.31,61.42,20.89,1.53,17.2,41.29,1.81,10.67,,154.0,Moderate
Jaipur,2018-12-05,62.76,147.49,41.53,47.89,73.62,21.22,1.53,17.2,37.25,2.47,10.23,,143.0,Moderate
Jaipur,2018-12-06,74.1,148.21,38.9,47.68,70.96,26.67,1.63,15.92,38.44,2.19,11.0,,173.0,Moderate
Jaipur,2018-12-07,55.16,128.71,26.41,41.09,54.14,22.4,1.37,20.16,42.89,1.43,9.27,,163.0,Moderate
Jaipur,2018-12-08,62.2,131.45,28.55,42.12,57.28,23.52,1.44,19.89,45.1,1.52,10.05,,158.0,Moderate
Jaipur,2018-12-09,74.88,142.75,36.81,44.12,66.72,25.28,1.71,19.87,39.29,2.01,10.89,,168.0,Moderate
Jaipur,2018-12-10,74.13,145.21,37.62,44.22,66.35,23.16,1.57,17.52,40.62,1.79,9.67,,185.0,Moderate
Jaipur,2018-12-11,63.82,132.43,15.57,36.56,37.78,20.59,1.0,16.02,66.08,1.0,6.62,,162.0,Moderate
Jaipur,2018-12-12,55.57,95.9,7.38,34.55,31.13,20.84,0.91,8.99,57.6,0.72,4.45,,127.0,Moderate
Jaipur,2018-12-13,42.72,80.8,10.7,38.22,36.73,17.55,0.97,8.75,34.36,0.77,4.01,,94.0,Satisfactory
Jaipur,2018-12-14,32.37,74.59,9.44,39.1,36.44,15.67,0.86,9.44,42.84,0.61,3.96,,88.0,Satisfactory
Jaipur,2018-12-15,37.28,80.6,14.33,43.15,44.32,15.5,0.81,9.86,37.65,0.78,5.21,,80.0,Satisfactory
Jaipur,2018-12-16,37.75,184.78,20.73,36.18,46.98,14.2,0.92,10.88,40.2,0.9,6.97,,163.0,Moderate
Jaipur,2018-12-17,38.53,97.21,8.87,35.52,39.09,15.93,1.09,13.18,47.35,1.1,6.88,,109.0,Moderate
Jaipur,2018-12-18,42.37,114.26,23.73,39.21,53.39,16.3,1.31,11.59,39.36,1.54,8.16,,108.0,Moderate
Jaipur,2018-12-19,64.83,196.71,61.85,50.9,94.52,18.6,1.95,9.98,28.43,2.52,8.71,,163.0,Moderate
Jaipur,2018-12-20,86.29,188.66,96.56,52.17,130.73,21.22,1.95,11.88,28.96,3.07,9.77,,205.0,Poor
Jaipur,2018-12-21,110.36,192.65,89.82,46.93,131.34,22.31,2.17,10.81,30.54,3.49,10.54,,244.0,Poor
Jaipur,2018-12-22,65.08,142.72,25.48,44.77,61.55,18.88,1.18,9.44,41.4,1.58,8.65,,201.0,Poor
Jaipur,2018-12-23,63.37,124.86,11.3,34.44,39.64,17.76,0.95,10.25,67.92,0.86,6.74,,154.0,Moderate
Jaipur,2018-12-24,62.08,133.18,19.03,41.02,50.01,20.08,1.31,12.24,55.13,1.22,7.07,,144.0,Moderate
Jaipur,2018-12-25,54.27,133.25,18.09,41.7,47.54,21.02,1.08,15.93,39.63,1.21,7.89,,135.0,Moderate
Jaipur,2018-12-26,54.98,142.13,51.18,41.21,79.21,27.06,1.77,17.73,27.87,2.2,10.1,,122.0,Moderate
Jaipur,2018-12-27,96.51,160.86,60.48,37.01,80.07,21.47,1.24,16.97,26.57,2.11,8.91,,214.0,Poor
Jaipur,2018-12-28,87.99,150.5,42.03,40.43,68.26,21.78,1.32,19.57,27.74,1.76,6.04,,212.0,Poor
Jaipur,2018-12-29,90.45,175.54,52.53,45.19,84.93,28.43,1.92,12.89,26.59,2.4,7.51,,213.0,Poor
Jaipur,2018-12-30,98.76,173.96,60.72,38.6,92.12,29.55,1.63,13.73,32.67,2.23,8.89,,238.0,Poor
Jaipur,2018-12-31,135.19,184.89,67.39,44.47,105.68,33.27,2.0,14.5,28.89,3.24,10.17,,239.0,Poor
